id,age,sex,dataset,cp,trestbps,chol,fbs,restecg,thalch,exang,oldpeak,slope,ca,thal,num
1,63,Male,Cleveland,typical angina,145.0,233.0,True,lv hypertrophy,150.0,False,2.3,downsloping,0.0,fixed defect,0
4,37,Male,Cleveland,non-anginal,130.0,250.0,False,normal,187.0,False,3.5,downsloping,0.0,normal,0
5,41,Female,Cleveland,atypical angina,130.0,204.0,False,lv hypertrophy,172.0,False,1.4,upsloping,0.0,normal,0
6,56,Male,Cleveland,atypical angina,120.0,236.0,False,normal,178.0,False,0.8,upsloping,0.0,normal,0
8,57,Female,Cleveland,asymptomatic,120.0,354.0,False,normal,163.0,True,0.6,upsloping,0.0,normal,0
10,53,Male,Cleveland,asymptomatic,140.0,203.0,True,lv hypertrophy,155.0,True,3.1,downsloping,0.0,reversable defect,1
11,57,Male,Cleveland,asymptomatic,140.0,192.0,False,normal,148.0,False,0.4,flat,0.0,fixed defect,0
12,56,Female,Cleveland,atypical angina,140.0,294.0,False,lv hypertrophy,153.0,False,1.3,flat,0.0,normal,0
14,44,Male,Cleveland,atypical angina,120.0,263.0,False,normal,173.0,False,0.0,upsloping,0.0,reversable defect,0
16,57,Male,Cleveland,non-anginal,150.0,168.0,False,normal,174.0,False,1.6,upsloping,0.0,normal,0
17,48,Male,Cleveland,atypical angina,110.0,229.0,False,normal,168.0,False,1.0,downsloping,0.0,reversable defect,1
18,54,Male,Cleveland,asymptomatic,140.0,239.0,False,normal,160.0,False,1.2,upsloping,0.0,normal,0
19,48,Female,Cleveland,non-anginal,130.0,275.0,False,normal,139.0,False,0.2,upsloping,0.0,normal,0
20,49,Male,Cleveland,atypical angina,130.0,266.0,False,normal,171.0,False,0.6,upsloping,0.0,normal,0
21,64,Male,Cleveland,typical angina,110.0,211.0,False,lv hypertrophy,144.0,True,1.8,flat,0.0,normal,0
22,58,Female,Cleveland,typical angina,150.0,283.0,True,lv hypertrophy,162.0,False,1.0,upsloping,0.0,normal,0
23,58,Male,Cleveland,atypical angina,120.0,284.0,False,lv hypertrophy,160.0,False,1.8,flat,0.0,normal,1
26,50,Female,Cleveland,non-anginal,120.0,219.0,False,normal,158.0,False,1.6,flat,0.0,normal,0
27,58,Female,Cleveland,non-anginal,120.0,340.0,False,normal,172.0,False,0.0,upsloping,0.0,normal,0
28,66,Female,Cleveland,typical angina,150.0,226.0,False,normal,114.0,False,2.6,downsloping,0.0,normal,0
29,43,Male,Cleveland,asymptomatic,150.0,247.0,False,normal,171.0,False,1.5,upsloping,0.0,normal,0
30,40,Male,Cleveland,asymptomatic,110.0,167.0,False,lv hypertrophy,114.0,True,2.0,flat,0.0,reversable defect,3
33,64,Male,Cleveland,non-anginal,140.0,335.0,False,normal,158.0,False,0.0,upsloping,0.0,normal,1
34,59,Male,Cleveland,asymptomatic,135.0,234.0,False,normal,161.0,False,0.5,flat,0.0,reversable defect,0
35,44,Male,Cleveland,non-anginal,130.0,233.0,False,normal,179.0,True,0.4,upsloping,0.0,normal,0
36,42,Male,Cleveland,asymptomatic,140.0,226.0,False,normal,178.0,False,0.0,upsloping,0.0,normal,0
37,43,Male,Cleveland,asymptomatic,120.0,177.0,False,lv hypertrophy,120.0,True,2.5,flat,0.0,reversable defect,3
40,61,Male,Cleveland,non-anginal,150.0,243.0,True,normal,137.0,True,1.0,flat,0.0,normal,0
42,40,Male,Cleveland,typical angina,140.0,199.0,False,normal,178.0,True,1.4,upsloping,0.0,reversable defect,0
44,59,Male,Cleveland,non-anginal,150.0,212.0,True,normal,157.0,False,1.6,upsloping,0.0,normal,0
45,61,Female,Cleveland,asymptomatic,130.0,330.0,False,lv hypertrophy,169.0,False,0.0,upsloping,0.0,normal,1
47,51,Male,Cleveland,non-anginal,110.0,175.0,False,normal,123.0,False,0.6,upsloping,0.0,normal,0
48,50,Male,Cleveland,asymptomatic,150.0,243.0,False,lv hypertrophy,128.0,False,2.6,flat,0.0,reversable defect,4
50,53,Male,Cleveland,non-anginal,130.0,197.0,True,lv hypertrophy,152.0,False,1.2,downsloping,0.0,normal,0
52,65,Male,Cleveland,asymptomatic,120.0,177.0,False,normal,140.0,False,0.4,upsloping,0.0,reversable defect,0
54,44,Male,Cleveland,atypical angina,130.0,219.0,False,lv hypertrophy,188.0,False,0.0,upsloping,0.0,normal,0
58,41,Male,Cleveland,asymptomatic,110.0,172.0,False,lv hypertrophy,158.0,False,0.0,upsloping,0.0,reversable defect,1
61,51,Female,Cleveland,asymptomatic,130.0,305.0,False,normal,142.0,True,1.2,flat,0.0,reversable defect,2
62,46,Female,Cleveland,non-anginal,142.0,177.0,False,lv hypertrophy,160.0,True,1.4,downsloping,0.0,normal,0
64,54,Female,Cleveland,non-anginal,135.0,304.0,True,normal,170.0,False,0.0,upsloping,0.0,normal,0
67,60,Male,Cleveland,non-anginal,140.0,185.0,False,lv hypertrophy,155.0,False,3.0,flat,0.0,normal,1
68,54,Male,Cleveland,non-anginal,150.0,232.0,False,lv hypertrophy,165.0,False,1.6,upsloping,0.0,reversable defect,0
69,59,Male,Cleveland,asymptomatic,170.0,326.0,False,lv hypertrophy,140.0,True,3.4,downsloping,0.0,reversable defect,2
70,46,Male,Cleveland,non-anginal,150.0,231.0,False,normal,147.0,False,3.6,flat,0.0,normal,1
71,65,Female,Cleveland,non-anginal,155.0,269.0,False,normal,148.0,False,0.8,upsloping,0.0,normal,0
76,65,Female,Cleveland,non-anginal,160.0,360.0,False,lv hypertrophy,151.0,False,0.8,upsloping,0.0,normal,0
79,48,Male,Cleveland,atypical angina,130.0,245.0,False,lv hypertrophy,180.0,False,0.2,flat,0.0,normal,0
80,58,Male,Cleveland,asymptomatic,150.0,270.0,False,lv hypertrophy,111.0,True,0.8,upsloping,0.0,reversable defect,3
81,45,Male,Cleveland,asymptomatic,104.0,208.0,False,lv hypertrophy,148.0,True,3.0,flat,0.0,normal,0
82,53,Female,Cleveland,asymptomatic,130.0,264.0,False,lv hypertrophy,143.0,False,0.4,flat,0.0,normal,0
83,39,Male,Cleveland,non-anginal,140.0,321.0,False,lv hypertrophy,182.0,False,0.0,upsloping,0.0,normal,0
85,52,Male,Cleveland,atypical angina,120.0,325.0,False,normal,172.0,False,0.2,upsloping,0.0,normal,0
86,44,Male,Cleveland,non-anginal,140.0,235.0,False,lv hypertrophy,180.0,False,0.0,upsloping,0.0,normal,0
87,47,Male,Cleveland,non-anginal,138.0,257.0,False,lv hypertrophy,156.0,False,0.0,upsloping,0.0,normal,0
88,53,Female,Cleveland,non-anginal,128.0,216.0,False,lv hypertrophy,115.0,False,0.0,upsloping,0.0,normal,0
89,53,Female,Cleveland,asymptomatic,138.0,234.0,False,lv hypertrophy,160.0,False,0.0,upsloping,0.0,normal,0
90,51,Female,Cleveland,non-anginal,130.0,256.0,False,lv hypertrophy,149.0,False,0.5,upsloping,0.0,normal,0
91,66,Male,Cleveland,asymptomatic,120.0,302.0,False,lv hypertrophy,151.0,False,0.4,flat,0.0,normal,0
94,44,Female,Cleveland,non-anginal,108.0,141.0,False,normal,175.0,False,0.6,flat,0.0,normal,0
95,63,Female,Cleveland,non-anginal,135.0,252.0,False,lv hypertrophy,172.0,False,0.0,upsloping,0.0,normal,0
100,48,Male,Cleveland,asymptomatic,122.0,222.0,False,lv hypertrophy,186.0,False,0.0,upsloping,0.0,normal,0
101,45,Male,Cleveland,asymptomatic,115.0,260.0,False,lv hypertrophy,185.0,False,0.0,upsloping,0.0,normal,0
102,34,Male,Cleveland,typical angina,118.0,182.0,False,lv hypertrophy,174.0,False,0.0,upsloping,0.0,normal,0
106,54,Male,Cleveland,atypical angina,108.0,309.0,False,normal,156.0,False,0.0,upsloping,0.0,reversable defect,0
110,39,Male,Cleveland,asymptomatic,118.0,219.0,False,normal,140.0,False,1.2,flat,0.0,reversable defect,3
111,61,Female,Cleveland,asymptomatic,145.0,307.0,False,lv hypertrophy,146.0,True,1.0,flat,0.0,reversable defect,1
113,52,Male,Cleveland,typical angina,118.0,186.0,False,lv hypertrophy,190.0,False,0.0,flat,0.0,fixed defect,0
114,43,Female,Cleveland,asymptomatic,132.0,341.0,True,lv hypertrophy,136.0,True,3.0,flat,0.0,reversable defect,2
116,41,Male,Cleveland,atypical angina,135.0,203.0,False,normal,132.0,False,0.0,flat,0.0,fixed defect,0
117,58,Male,Cleveland,non-anginal,140.0,211.0,True,lv hypertrophy,165.0,False,0.0,upsloping,0.0,normal,0
118,35,Female,Cleveland,asymptomatic,138.0,183.0,False,normal,182.0,False,1.4,upsloping,0.0,normal,0
123,51,Male,Cleveland,non-anginal,100.0,222.0,False,normal,143.0,True,1.2,flat,0.0,normal,0
126,45,Female,Cleveland,atypical angina,130.0,234.0,False,lv hypertrophy,175.0,False,0.6,flat,0.0,normal,0
129,44,Male,Cleveland,atypical angina,120.0,220.0,False,normal,170.0,False,0.0,upsloping,0.0,normal,0
130,62,Female,Cleveland,asymptomatic,124.0,209.0,False,normal,163.0,False,0.0,upsloping,0.0,normal,0
131,54,Male,Cleveland,non-anginal,120.0,258.0,False,lv hypertrophy,147.0,False,0.4,flat,0.0,reversable defect,0
133,29,Male,Cleveland,atypical angina,130.0,204.0,False,lv hypertrophy,202.0,False,0.0,upsloping,0.0,normal,0
134,51,Male,Cleveland,asymptomatic,140.0,261.0,False,lv hypertrophy,186.0,True,0.0,upsloping,0.0,normal,0
135,43,Female,Cleveland,non-anginal,122.0,213.0,False,normal,165.0,False,0.2,flat,0.0,normal,0
136,55,Female,Cleveland,atypical angina,135.0,250.0,False,lv hypertrophy,161.0,False,1.4,flat,0.0,normal,0
137,70,Male,Cleveland,asymptomatic,145.0,174.0,False,normal,125.0,True,2.6,downsloping,0.0,reversable defect,4
139,35,Male,Cleveland,asymptomatic,120.0,198.0,False,normal,130.0,True,1.6,flat,0.0,reversable defect,1
140,51,Male,Cleveland,non-anginal,125.0,245.0,True,lv hypertrophy,166.0,False,2.4,flat,0.0,normal,0
141,59,Male,Cleveland,atypical angina,140.0,221.0,False,normal,164.0,True,0.0,upsloping,0.0,normal,0
142,59,Male,Cleveland,typical angina,170.0,288.0,False,lv hypertrophy,159.0,False,0.2,flat,0.0,reversable defect,1
143,52,Male,Cleveland,atypical angina,128.0,205.0,True,normal,184.0,False,0.0,upsloping,0.0,normal,0
144,64,Male,Cleveland,non-anginal,125.0,309.0,False,normal,131.0,True,1.8,flat,0.0,reversable defect,1
145,58,Male,Cleveland,non-anginal,105.0,240.0,False,lv hypertrophy,154.0,True,0.6,flat,0.0,reversable defect,0
146,47,Male,Cleveland,non-anginal,108.0,243.0,False,normal,152.0,False,0.0,upsloping,0.0,normal,1
148,41,Male,Cleveland,non-anginal,112.0,250.0,False,normal,179.0,False,0.0,upsloping,0.0,normal,0
149,45,Male,Cleveland,atypical angina,128.0,308.0,False,lv hypertrophy,170.0,False,0.0,upsloping,0.0,normal,0
151,52,Male,Cleveland,typical angina,152.0,298.0,True,normal,178.0,False,1.2,flat,0.0,reversable defect,0
152,42,Female,Cleveland,asymptomatic,102.0,265.0,False,lv hypertrophy,122.0,False,0.6,flat,0.0,normal,0
157,51,Male,Cleveland,asymptomatic,140.0,299.0,False,normal,173.0,True,1.6,upsloping,0.0,reversable defect,1
161,46,Male,Cleveland,atypical angina,101.0,197.0,True,normal,156.0,False,0.0,upsloping,0.0,reversable defect,0
163,54,Female,Cleveland,non-anginal,110.0,214.0,False,normal,158.0,False,1.6,flat,0.0,normal,0
164,58,Female,Cleveland,asymptomatic,100.0,248.0,False,lv hypertrophy,122.0,False,1.0,flat,0.0,normal,0
166,57,Male,Cleveland,asymptomatic,132.0,207.0,False,normal,168.0,True,0.0,upsloping,0.0,reversable defect,0
167,52,Male,Cleveland,non-anginal,138.0,223.0,False,normal,169.0,False,0.0,upsloping,0.0,normal,0
169,35,Male,Cleveland,asymptomatic,126.0,282.0,False,lv hypertrophy,156.0,True,0.0,upsloping,0.0,reversable defect,1
170,45,Female,Cleveland,atypical angina,112.0,160.0,False,normal,138.0,False,0.0,flat,0.0,normal,0
172,53,Male,Cleveland,asymptomatic,142.0,226.0,False,lv hypertrophy,111.0,True,0.0,upsloping,0.0,reversable defect,0
174,62,Female,Cleveland,asymptomatic,140.0,394.0,False,lv hypertrophy,157.0,False,1.2,flat,0.0,normal,0
181,48,Male,Cleveland,asymptomatic,124.0,274.0,False,lv hypertrophy,166.0,False,0.5,flat,0.0,reversable defect,3
185,60,Female,Cleveland,asymptomatic,158.0,305.0,False,lv hypertrophy,161.0,False,0.0,upsloping,0.0,normal,1
187,42,Male,Cleveland,non-anginal,120.0,240.0,True,normal,194.0,False,0.8,downsloping,0.0,reversable defect,0
191,50,Male,Cleveland,non-anginal,129.0,196.0,False,normal,163.0,False,0.0,upsloping,0.0,normal,0
193,43,Male,Cleveland,asymptomatic,132.0,247.0,True,lv hypertrophy,143.0,True,0.1,flat,0.0,reversable defect,1
195,68,Female,Cleveland,non-anginal,120.0,211.0,False,lv hypertrophy,115.0,False,1.5,flat,0.0,normal,0
198,45,Female,Cleveland,asymptomatic,138.0,236.0,False,lv hypertrophy,152.0,True,0.2,flat,0.0,normal,0
199,50,Female,Cleveland,atypical angina,120.0,244.0,False,normal,162.0,False,1.1,upsloping,0.0,normal,0
200,59,Male,Cleveland,typical angina,160.0,273.0,False,lv hypertrophy,125.0,False,0.0,upsloping,0.0,normal,1
201,50,Female,Cleveland,asymptomatic,110.0,254.0,False,lv hypertrophy,159.0,False,0.0,upsloping,0.0,normal,0
204,64,Female,Cleveland,non-anginal,140.0,313.0,False,normal,133.0,False,0.2,upsloping,0.0,reversable defect,0
205,43,Male,Cleveland,asymptomatic,110.0,211.0,False,normal,161.0,False,0.0,upsloping,0.0,reversable defect,0
208,50,Male,Cleveland,asymptomatic,144.0,200.0,False,lv hypertrophy,126.0,True,0.9,flat,0.0,reversable defect,3
209,55,Male,Cleveland,atypical angina,130.0,262.0,False,normal,155.0,False,0.0,upsloping,0.0,normal,0
210,62,Female,Cleveland,asymptomatic,150.0,244.0,False,normal,154.0,True,1.4,flat,0.0,normal,1
211,37,Female,Cleveland,non-anginal,120.0,215.0,False,normal,170.0,False,0.0,upsloping,0.0,normal,0
213,41,Male,Cleveland,non-anginal,130.0,214.0,False,lv hypertrophy,168.0,False,2.0,flat,0.0,normal,0
216,56,Male,Cleveland,typical angina,120.0,193.0,False,lv hypertrophy,162.0,False,1.9,flat,0.0,reversable defect,0
217,46,Female,Cleveland,atypical angina,105.0,204.0,False,normal,172.0,False,0.0,upsloping,0.0,normal,0
218,46,Female,Cleveland,asymptomatic,138.0,243.0,False,lv hypertrophy,152.0,True,0.0,flat,0.0,normal,0
220,59,Male,Cleveland,asymptomatic,138.0,271.0,False,lv hypertrophy,182.0,False,0.0,upsloping,0.0,normal,0
221,41,Female,Cleveland,non-anginal,112.0,268.0,False,lv hypertrophy,172.0,True,0.0,upsloping,0.0,normal,0
222,54,Female,Cleveland,non-anginal,108.0,267.0,False,lv hypertrophy,167.0,False,0.0,upsloping,0.0,normal,0
223,39,Female,Cleveland,non-anginal,94.0,199.0,False,normal,179.0,False,0.0,upsloping,0.0,normal,0
226,34,Female,Cleveland,atypical angina,118.0,210.0,False,normal,192.0,False,0.7,upsloping,0.0,normal,0
227,47,Male,Cleveland,asymptomatic,112.0,204.0,False,normal,143.0,False,0.1,upsloping,0.0,normal,0
231,52,Female,Cleveland,non-anginal,136.0,196.0,False,lv hypertrophy,169.0,False,0.1,flat,0.0,normal,0
237,56,Male,Cleveland,asymptomatic,130.0,283.0,True,lv hypertrophy,103.0,True,1.6,downsloping,0.0,reversable defect,2
238,46,Male,Cleveland,asymptomatic,120.0,249.0,False,lv hypertrophy,144.0,False,0.8,upsloping,0.0,reversable defect,1
239,49,Female,Cleveland,atypical angina,134.0,271.0,False,normal,162.0,False,0.0,flat,0.0,normal,0
240,42,Male,Cleveland,atypical angina,120.0,295.0,False,normal,162.0,False,0.0,upsloping,0.0,normal,0
241,41,Male,Cleveland,atypical angina,110.0,235.0,False,normal,153.0,False,0.0,upsloping,0.0,normal,0
242,41,Female,Cleveland,atypical angina,126.0,306.0,False,normal,163.0,False,0.0,upsloping,0.0,normal,0
243,49,Female,Cleveland,asymptomatic,130.0,269.0,False,normal,163.0,False,0.0,upsloping,0.0,normal,0
245,60,Female,Cleveland,non-anginal,120.0,178.0,True,normal,96.0,False,0.0,upsloping,0.0,normal,0
246,67,Male,Cleveland,asymptomatic,120.0,237.0,False,normal,71.0,False,1.0,flat,0.0,normal,2
250,62,Male,Cleveland,atypical angina,128.0,208.0,True,lv hypertrophy,140.0,False,0.0,upsloping,0.0,normal,0
251,57,Male,Cleveland,asymptomatic,110.0,201.0,False,normal,126.0,True,1.5,flat,0.0,fixed defect,0
254,51,Female,Cleveland,non-anginal,120.0,295.0,False,lv hypertrophy,157.0,False,0.6,upsloping,0.0,normal,0
255,43,Male,Cleveland,asymptomatic,115.0,303.0,False,normal,181.0,False,1.2,flat,0.0,normal,0
256,42,Female,Cleveland,non-anginal,120.0,209.0,False,normal,173.0,False,0.0,flat,0.0,normal,0
258,76,Female,Cleveland,non-anginal,140.0,197.0,False,st-t abnormality,116.0,False,1.1,flat,0.0,normal,0
259,70,Male,Cleveland,atypical angina,156.0,245.0,False,lv hypertrophy,143.0,False,0.0,upsloping,0.0,normal,0
260,57,Male,Cleveland,atypical angina,124.0,261.0,False,normal,141.0,False,0.3,upsloping,0.0,reversable defect,1
263,60,Female,Cleveland,typical angina,150.0,240.0,False,normal,171.0,False,0.9,upsloping,0.0,normal,0
264,44,Male,Cleveland,non-anginal,120.0,226.0,False,normal,169.0,False,0.0,upsloping,0.0,normal,0
266,42,Male,Cleveland,asymptomatic,136.0,315.0,False,normal,125.0,True,1.8,flat,0.0,fixed defect,2
267,52,Male,Cleveland,asymptomatic,128.0,204.0,True,normal,156.0,True,1.0,flat,0.0,normal,2
269,40,Male,Cleveland,asymptomatic,152.0,223.0,False,normal,181.0,False,0.0,upsloping,0.0,reversable defect,1
270,42,Male,Cleveland,non-anginal,130.0,180.0,False,normal,150.0,False,0.0,upsloping,0.0,normal,0
272,66,Male,Cleveland,asymptomatic,160.0,228.0,False,lv hypertrophy,138.0,False,2.3,upsloping,0.0,fixed defect,0
274,71,Female,Cleveland,asymptomatic,112.0,149.0,False,normal,125.0,False,1.6,flat,0.0,normal,0
276,64,Male,Cleveland,typical angina,170.0,227.0,False,lv hypertrophy,155.0,False,0.6,flat,0.0,reversable defect,0
278,39,Female,Cleveland,non-anginal,138.0,220.0,False,normal,152.0,False,0.0,flat,0.0,normal,0
280,58,Female,Cleveland,asymptomatic,130.0,197.0,False,normal,131.0,False,0.6,flat,0.0,normal,0
282,47,Male,Cleveland,non-anginal,130.0,253.0,False,normal,179.0,False,0.0,upsloping,0.0,normal,0
284,35,Male,Cleveland,atypical angina,122.0,192.0,False,normal,174.0,False,0.0,upsloping,0.0,normal,0
288,58,Male,Cleveland,atypical angina,125.0,220.0,False,normal,144.0,False,0.4,flat,0.0,reversable defect,0
289,56,Male,Cleveland,atypical angina,130.0,221.0,False,lv hypertrophy,163.0,False,0.0,upsloping,0.0,reversable defect,0
290,56,Male,Cleveland,atypical angina,120.0,240.0,False,normal,169.0,False,0.0,downsloping,0.0,normal,0
291,67,Male,Cleveland,non-anginal,152.0,212.0,False,lv hypertrophy,150.0,False,0.8,flat,0.0,reversable defect,1
292,55,Female,Cleveland,atypical angina,132.0,342.0,False,normal,166.0,False,1.2,upsloping,0.0,normal,0
293,44,Male,Cleveland,asymptomatic,120.0,169.0,False,normal,144.0,True,2.8,downsloping,0.0,fixed defect,2
295,63,Female,Cleveland,asymptomatic,124.0,197.0,False,normal,136.0,True,0.0,flat,0.0,normal,1
296,41,Male,Cleveland,atypical angina,120.0,157.0,False,normal,182.0,False,0.0,upsloping,0.0,normal,0
298,57,Female,Cleveland,asymptomatic,140.0,241.0,False,normal,123.0,True,0.2,flat,0.0,reversable defect,1
299,45,Male,Cleveland,typical angina,110.0,264.0,False,normal,132.0,False,1.2,flat,0.0,reversable defect,1
303,38,Male,Cleveland,non-anginal,138.0,175.0,False,normal,173.0,False,0.0,upsloping,0.0,normal,0
304,28,Male,Cleveland,atypical angina,130.0,132.0,False,lv hypertrophy,185.0,False,0.0,flat,0.0,normal,0
305,29,Male,Hungary,atypical angina,120.0,243.0,False,normal,160.0,False,0.0,flat,0.0,normal,0
306,29,Male,Hungary,atypical angina,140.0,223.0,False,normal,170.0,False,0.0,flat,0.0,normal,0
307,30,Female,Hungary,typical angina,170.0,237.0,False,st-t abnormality,170.0,False,0.0,flat,0.0,fixed defect,0
308,31,Female,Hungary,atypical angina,100.0,219.0,False,st-t abnormality,150.0,False,0.0,flat,0.0,normal,0
309,32,Female,Hungary,atypical angina,105.0,198.0,False,normal,165.0,False,0.0,flat,0.0,normal,0
310,32,Male,Hungary,atypical angina,110.0,225.0,False,normal,184.0,False,0.0,flat,0.0,normal,0
311,32,Male,Hungary,atypical angina,125.0,254.0,False,normal,155.0,False,0.0,flat,0.0,normal,0
312,33,Male,Hungary,non-anginal,120.0,298.0,False,normal,185.0,False,0.0,flat,0.0,normal,0
313,34,Female,Hungary,atypical angina,130.0,161.0,False,normal,190.0,False,0.0,flat,0.0,normal,0
314,34,Male,Hungary,atypical angina,150.0,214.0,False,st-t abnormality,168.0,False,0.0,flat,0.0,normal,0
315,34,Male,Hungary,atypical angina,98.0,220.0,False,normal,150.0,False,0.0,flat,0.0,normal,0
316,35,Female,Hungary,typical angina,120.0,160.0,False,st-t abnormality,185.0,False,0.0,flat,0.0,normal,0
317,35,Female,Hungary,asymptomatic,140.0,167.0,False,normal,150.0,False,0.0,flat,0.0,normal,0
318,35,Male,Hungary,atypical angina,120.0,308.0,False,lv hypertrophy,180.0,False,0.0,flat,0.0,normal,0
319,35,Male,Hungary,atypical angina,150.0,264.0,False,normal,168.0,False,0.0,flat,0.0,normal,0
320,36,Male,Hungary,atypical angina,120.0,166.0,False,normal,180.0,False,0.0,flat,0.0,normal,0
321,36,Male,Hungary,non-anginal,112.0,340.0,False,normal,184.0,False,1.0,flat,0.0,normal,0
322,36,Male,Hungary,non-anginal,130.0,209.0,False,normal,178.0,False,0.0,flat,0.0,normal,0
323,36,Male,Hungary,non-anginal,150.0,160.0,False,normal,172.0,False,0.0,flat,0.0,normal,0
324,37,Female,Hungary,atypical angina,120.0,260.0,False,normal,130.0,False,0.0,flat,0.0,normal,0
325,37,Female,Hungary,non-anginal,130.0,211.0,False,normal,142.0,False,0.0,flat,0.0,normal,0
326,37,Female,Hungary,asymptomatic,130.0,173.0,False,st-t abnormality,184.0,False,0.0,flat,0.0,normal,0
327,37,Male,Hungary,atypical angina,130.0,283.0,False,st-t abnormality,98.0,False,0.0,flat,0.0,normal,0
328,37,Male,Hungary,non-anginal,130.0,194.0,False,normal,150.0,False,0.0,flat,0.0,normal,0
329,37,Male,Hungary,asymptomatic,120.0,223.0,False,normal,168.0,False,0.0,flat,0.0,normal,0
330,37,Male,Hungary,asymptomatic,130.0,315.0,False,normal,158.0,False,0.0,flat,0.0,normal,0
331,38,Female,Hungary,atypical angina,120.0,275.0,False,normal,129.0,False,0.0,flat,0.0,normal,0
332,38,Male,Hungary,atypical angina,140.0,297.0,False,normal,150.0,False,0.0,flat,0.0,normal,0
333,38,Male,Hungary,non-anginal,145.0,292.0,False,normal,130.0,False,0.0,flat,0.0,normal,0
334,39,Female,Hungary,non-anginal,110.0,182.0,False,st-t abnormality,180.0,False,0.0,flat,0.0,normal,0
335,39,Male,Hungary,atypical angina,120.0,223.0,False,st-t abnormality,146.0,False,2.0,upsloping,0.0,normal,0
336,39,Male,Hungary,atypical angina,120.0,200.0,False,normal,160.0,True,1.0,flat,0.0,normal,0
337,39,Male,Hungary,atypical angina,120.0,204.0,False,normal,145.0,False,0.0,flat,0.0,normal,0
338,39,Male,Hungary,atypical angina,130.0,223.0,False,normal,120.0,False,0.0,flat,0.0,normal,0
340,39,Male,Hungary,non-anginal,120.0,339.0,False,normal,170.0,False,0.0,flat,0.0,normal,0
341,39,Male,Hungary,non-anginal,160.0,147.0,True,normal,160.0,False,0.0,flat,0.0,normal,0
342,39,Male,Hungary,asymptomatic,110.0,273.0,False,normal,132.0,False,0.0,flat,0.0,normal,0
343,39,Male,Hungary,asymptomatic,130.0,307.0,False,normal,140.0,False,0.0,flat,0.0,normal,0
344,40,Male,Hungary,atypical angina,130.0,275.0,False,normal,150.0,False,0.0,flat,0.0,normal,0
345,40,Male,Hungary,atypical angina,140.0,289.0,False,normal,172.0,False,0.0,flat,0.0,normal,0
346,40,Male,Hungary,non-anginal,130.0,215.0,False,normal,138.0,False,0.0,flat,0.0,normal,0
347,40,Male,Hungary,non-anginal,130.0,281.0,False,normal,167.0,False,0.0,flat,0.0,normal,0
348,40,Male,Hungary,non-anginal,140.0,223.0,False,normal,188.0,False,0.0,flat,0.0,normal,0
349,41,Female,Hungary,atypical angina,110.0,250.0,False,st-t abnormality,142.0,False,0.0,flat,0.0,normal,0
350,41,Female,Hungary,atypical angina,125.0,184.0,False,normal,180.0,False,0.0,flat,0.0,normal,0
351,41,Female,Hungary,atypical angina,130.0,245.0,False,normal,150.0,False,0.0,flat,0.0,normal,0
352,41,Male,Hungary,atypical angina,120.0,291.0,False,st-t abnormality,160.0,False,0.0,flat,0.0,normal,0
353,41,Male,Hungary,atypical angina,120.0,295.0,False,normal,170.0,False,0.0,flat,0.0,normal,0
354,41,Male,Hungary,atypical angina,125.0,269.0,False,normal,144.0,False,0.0,flat,0.0,normal,0
355,41,Male,Hungary,asymptomatic,112.0,250.0,False,normal,142.0,False,0.0,flat,0.0,normal,0
356,42,Female,Hungary,non-anginal,115.0,211.0,False,st-t abnormality,137.0,False,0.0,flat,0.0,normal,0
357,42,Male,Hungary,atypical angina,120.0,196.0,False,normal,150.0,False,0.0,flat,0.0,normal,0
358,42,Male,Hungary,atypical angina,120.0,198.0,False,normal,155.0,False,0.0,flat,0.0,normal,0
359,42,Male,Hungary,atypical angina,150.0,268.0,False,normal,136.0,False,0.0,flat,0.0,normal,0
360,42,Male,Hungary,non-anginal,120.0,228.0,False,normal,152.0,True,1.5,flat,0.0,normal,0
361,42,Male,Hungary,non-anginal,160.0,147.0,False,normal,146.0,False,0.0,flat,0.0,normal,0
362,42,Male,Hungary,asymptomatic,140.0,358.0,False,normal,170.0,False,0.0,flat,0.0,normal,0
363,43,Female,Hungary,typical angina,100.0,223.0,False,normal,142.0,False,0.0,flat,0.0,normal,0
364,43,Female,Hungary,atypical angina,120.0,201.0,False,normal,165.0,False,0.0,flat,0.0,normal,0
365,43,Female,Hungary,atypical angina,120.0,215.0,False,st-t abnormality,175.0,False,0.0,flat,0.0,normal,0
366,43,Female,Hungary,atypical angina,120.0,249.0,False,st-t abnormality,176.0,False,0.0,flat,0.0,normal,0
367,43,Female,Hungary,atypical angina,120.0,266.0,False,normal,118.0,False,0.0,flat,0.0,normal,0
368,43,Female,Hungary,atypical angina,150.0,186.0,False,normal,154.0,False,0.0,flat,0.0,normal,0
369,43,Female,Hungary,non-anginal,150.0,223.0,False,normal,175.0,False,0.0,flat,0.0,normal,0
370,43,Male,Hungary,atypical angina,142.0,207.0,False,normal,138.0,False,0.0,flat,0.0,normal,0
371,44,Female,Hungary,asymptomatic,120.0,218.0,False,st-t abnormality,115.0,False,0.0,flat,0.0,normal,0
372,44,Male,Hungary,atypical angina,120.0,184.0,False,normal,142.0,False,1.0,flat,0.0,normal,0
373,44,Male,Hungary,atypical angina,130.0,215.0,False,normal,135.0,False,0.0,flat,0.0,normal,0
375,45,Female,Hungary,atypical angina,130.0,237.0,False,normal,170.0,False,0.0,flat,0.0,normal,0
377,45,Female,Hungary,asymptomatic,132.0,297.0,False,normal,144.0,False,0.0,flat,0.0,normal,0
378,45,Male,Hungary,atypical angina,140.0,224.0,True,normal,122.0,False,0.0,flat,0.0,normal,0
379,45,Male,Hungary,non-anginal,135.0,223.0,False,normal,110.0,False,0.0,flat,0.0,normal,0
380,45,Male,Hungary,asymptomatic,120.0,225.0,False,normal,140.0,False,0.0,flat,0.0,normal,0
381,45,Male,Hungary,asymptomatic,140.0,224.0,False,normal,144.0,False,0.0,flat,0.0,normal,0
382,46,Female,Hungary,asymptomatic,130.0,238.0,False,normal,90.0,False,0.0,flat,0.0,normal,0
383,46,Male,Hungary,atypical angina,140.0,275.0,False,normal,165.0,True,0.0,flat,0.0,normal,0
384,46,Male,Hungary,non-anginal,120.0,230.0,False,normal,150.0,False,0.0,flat,0.0,normal,0
385,46,Male,Hungary,non-anginal,150.0,163.0,False,normal,116.0,False,0.0,flat,0.0,normal,0
386,46,Male,Hungary,asymptomatic,110.0,238.0,False,st-t abnormality,140.0,True,1.0,flat,0.0,normal,0
387,46,Male,Hungary,asymptomatic,110.0,240.0,False,st-t abnormality,140.0,False,0.0,flat,0.0,normal,0
389,47,Female,Hungary,atypical angina,140.0,257.0,False,normal,135.0,False,1.0,upsloping,0.0,normal,0
390,47,Female,Hungary,non-anginal,130.0,223.0,False,normal,145.0,False,2.0,flat,0.0,normal,0
391,47,Male,Hungary,typical angina,110.0,249.0,False,normal,150.0,False,0.0,flat,0.0,normal,0
392,47,Male,Hungary,atypical angina,160.0,263.0,False,normal,174.0,False,0.0,flat,0.0,normal,0
393,47,Male,Hungary,asymptomatic,140.0,276.0,True,normal,125.0,True,0.0,flat,0.0,normal,0
394,48,Female,Hungary,atypical angina,130.0,308.0,False,st-t abnormality,140.0,False,2.0,upsloping,0.0,normal,0
395,48,Female,Hungary,atypical angina,120.0,223.0,True,st-t abnormality,148.0,False,0.0,flat,0.0,normal,0
396,48,Female,Hungary,atypical angina,120.0,284.0,False,normal,120.0,False,0.0,flat,0.0,normal,0
397,48,Female,Hungary,non-anginal,120.0,195.0,False,normal,125.0,False,0.0,flat,0.0,normal,0
398,48,Female,Hungary,asymptomatic,108.0,163.0,False,normal,175.0,False,2.0,upsloping,0.0,normal,0
399,48,Female,Hungary,asymptomatic,120.0,254.0,False,st-t abnormality,110.0,False,0.0,flat,0.0,normal,0
400,48,Female,Hungary,asymptomatic,150.0,227.0,False,normal,130.0,True,1.0,flat,0.0,normal,0
401,48,Male,Hungary,atypical angina,100.0,223.0,False,normal,100.0,False,0.0,flat,0.0,normal,0
402,48,Male,Hungary,atypical angina,130.0,245.0,False,normal,160.0,False,0.0,flat,0.0,normal,0
403,48,Male,Hungary,atypical angina,140.0,238.0,False,normal,118.0,False,0.0,flat,0.0,normal,0
404,48,Male,Hungary,non-anginal,110.0,211.0,False,normal,138.0,False,0.0,flat,0.0,fixed defect,0
405,49,Female,Hungary,atypical angina,110.0,223.0,False,normal,160.0,False,0.0,flat,0.0,normal,0
406,49,Female,Hungary,atypical angina,110.0,223.0,False,normal,160.0,False,0.0,flat,0.0,normal,0
407,49,Female,Hungary,atypical angina,124.0,201.0,False,normal,164.0,False,0.0,flat,0.0,normal,0
408,49,Female,Hungary,non-anginal,130.0,207.0,False,st-t abnormality,135.0,False,0.0,flat,0.0,normal,0
409,49,Male,Hungary,atypical angina,100.0,253.0,False,normal,174.0,False,0.0,flat,0.0,normal,0
410,49,Male,Hungary,non-anginal,140.0,187.0,False,normal,172.0,False,0.0,flat,0.0,normal,0
411,49,Male,Hungary,asymptomatic,120.0,297.0,False,normal,132.0,False,1.0,flat,0.0,normal,0
412,49,Male,Hungary,asymptomatic,140.0,223.0,False,normal,130.0,False,0.0,flat,0.0,normal,0
413,50,Female,Hungary,atypical angina,110.0,202.0,False,normal,145.0,False,0.0,flat,0.0,normal,0
414,50,Female,Hungary,asymptomatic,120.0,328.0,False,normal,110.0,True,1.0,flat,0.0,normal,0
415,50,Male,Hungary,atypical angina,120.0,168.0,False,normal,160.0,False,0.0,flat,0.0,normal,0
416,50,Male,Hungary,atypical angina,140.0,216.0,False,normal,170.0,False,0.0,flat,0.0,normal,0
417,50,Male,Hungary,atypical angina,170.0,209.0,False,st-t abnormality,116.0,False,0.0,flat,0.0,normal,0
418,50,Male,Hungary,asymptomatic,140.0,129.0,False,normal,135.0,False,0.0,flat,0.0,normal,0
419,50,Male,Hungary,asymptomatic,150.0,215.0,False,normal,140.0,True,0.0,flat,0.0,normal,0
420,51,Female,Hungary,atypical angina,160.0,194.0,False,normal,170.0,False,0.0,flat,0.0,normal,0
421,51,Female,Hungary,non-anginal,110.0,190.0,False,normal,120.0,False,0.0,flat,0.0,normal,0
422,51,Female,Hungary,non-anginal,130.0,220.0,False,normal,160.0,True,2.0,upsloping,0.0,normal,0
423,51,Female,Hungary,non-anginal,150.0,200.0,False,normal,120.0,False,0.5,upsloping,0.0,normal,0
424,51,Male,Hungary,atypical angina,125.0,188.0,False,normal,145.0,False,0.0,flat,0.0,normal,0
425,51,Male,Hungary,atypical angina,130.0,224.0,False,normal,150.0,False,0.0,flat,0.0,normal,0
426,51,Male,Hungary,asymptomatic,130.0,179.0,False,normal,100.0,False,0.0,flat,0.0,reversable defect,0
427,52,Female,Hungary,atypical angina,120.0,210.0,False,normal,148.0,False,0.0,flat,0.0,normal,0
428,52,Female,Hungary,atypical angina,140.0,223.0,False,normal,140.0,False,0.0,flat,0.0,normal,0
429,52,Female,Hungary,non-anginal,125.0,272.0,False,normal,139.0,False,0.0,flat,0.0,normal,0
430,52,Female,Hungary,asymptomatic,130.0,180.0,False,normal,140.0,True,1.5,flat,0.0,normal,0
431,52,Male,Hungary,atypical angina,120.0,284.0,False,normal,118.0,False,0.0,flat,0.0,normal,0
432,52,Male,Hungary,atypical angina,140.0,100.0,False,normal,138.0,True,0.0,flat,0.0,normal,0
433,52,Male,Hungary,atypical angina,160.0,196.0,False,normal,165.0,False,0.0,flat,0.0,normal,0
434,52,Male,Hungary,non-anginal,140.0,259.0,False,st-t abnormality,170.0,False,0.0,flat,0.0,normal,0
436,53,Female,Hungary,atypical angina,140.0,216.0,False,normal,142.0,True,2.0,flat,0.0,normal,0
437,53,Female,Hungary,non-anginal,120.0,274.0,False,normal,130.0,False,0.0,flat,0.0,normal,0
438,53,Male,Hungary,atypical angina,120.0,223.0,False,normal,132.0,False,0.0,flat,0.0,normal,0
439,53,Male,Hungary,atypical angina,140.0,320.0,False,normal,162.0,False,0.0,flat,0.0,normal,0
440,53,Male,Hungary,non-anginal,120.0,195.0,False,normal,140.0,False,0.0,flat,0.0,normal,0
441,53,Male,Hungary,asymptomatic,124.0,260.0,False,st-t abnormality,112.0,True,3.0,flat,0.0,normal,0
442,53,Male,Hungary,asymptomatic,130.0,182.0,False,normal,148.0,False,0.0,flat,0.0,normal,0
443,53,Male,Hungary,asymptomatic,140.0,243.0,False,normal,155.0,False,0.0,flat,0.0,normal,0
444,54,Female,Hungary,atypical angina,120.0,221.0,False,normal,138.0,False,1.0,upsloping,0.0,normal,0
445,54,Female,Hungary,atypical angina,120.0,230.0,True,normal,140.0,False,0.0,flat,0.0,normal,0
446,54,Female,Hungary,atypical angina,120.0,273.0,False,normal,150.0,False,1.5,flat,0.0,normal,0
447,54,Female,Hungary,atypical angina,130.0,253.0,False,st-t abnormality,155.0,False,0.0,flat,0.0,normal,0
448,54,Female,Hungary,atypical angina,140.0,309.0,False,st-t abnormality,140.0,False,0.0,flat,0.0,normal,0
449,54,Female,Hungary,atypical angina,150.0,230.0,False,normal,130.0,False,0.0,flat,0.0,normal,0
450,54,Female,Hungary,atypical angina,160.0,312.0,False,normal,130.0,False,0.0,flat,0.0,normal,0
451,54,Male,Hungary,typical angina,120.0,171.0,False,normal,137.0,False,2.0,upsloping,0.0,normal,0
452,54,Male,Hungary,atypical angina,110.0,208.0,False,normal,142.0,False,0.0,flat,0.0,normal,0
453,54,Male,Hungary,atypical angina,120.0,238.0,False,normal,154.0,False,0.0,flat,0.0,normal,0
454,54,Male,Hungary,atypical angina,120.0,246.0,False,normal,110.0,False,0.0,flat,0.0,normal,0
455,54,Male,Hungary,atypical angina,160.0,195.0,False,st-t abnormality,130.0,False,1.0,upsloping,0.0,normal,0
456,54,Male,Hungary,atypical angina,160.0,305.0,False,normal,175.0,False,0.0,flat,0.0,normal,0
457,54,Male,Hungary,non-anginal,120.0,217.0,False,normal,137.0,False,0.0,flat,0.0,normal,0
458,54,Male,Hungary,non-anginal,150.0,223.0,False,normal,122.0,False,0.0,flat,0.0,normal,0
459,54,Male,Hungary,asymptomatic,150.0,365.0,False,st-t abnormality,134.0,False,1.0,upsloping,0.0,normal,0
460,55,Female,Hungary,atypical angina,110.0,344.0,False,st-t abnormality,160.0,False,0.0,flat,0.0,normal,0
461,55,Female,Hungary,atypical angina,122.0,320.0,False,normal,155.0,False,0.0,flat,0.0,normal,0
462,55,Female,Hungary,atypical angina,130.0,394.0,False,lv hypertrophy,150.0,False,0.0,flat,0.0,normal,0
463,55,Male,Hungary,atypical angina,120.0,256.0,True,normal,137.0,False,0.0,flat,0.0,reversable defect,0
464,55,Male,Hungary,atypical angina,140.0,196.0,False,normal,150.0,False,0.0,flat,0.0,reversable defect,0
465,55,Male,Hungary,atypical angina,145.0,326.0,False,normal,155.0,False,0.0,flat,0.0,normal,0
466,55,Male,Hungary,non-anginal,110.0,277.0,False,normal,160.0,False,0.0,flat,0.0,normal,0
467,55,Male,Hungary,non-anginal,120.0,220.0,False,lv hypertrophy,134.0,False,0.0,flat,0.0,normal,0
468,55,Male,Hungary,asymptomatic,120.0,270.0,False,normal,140.0,False,0.0,flat,0.0,normal,0
469,55,Male,Hungary,asymptomatic,140.0,229.0,False,normal,110.0,True,0.5,flat,0.0,normal,0
470,56,Female,Hungary,non-anginal,130.0,219.0,False,st-t abnormality,164.0,False,0.0,flat,0.0,reversable defect,0
471,56,Male,Hungary,atypical angina,130.0,184.0,False,normal,100.0,False,0.0,flat,0.0,normal,0
472,56,Male,Hungary,non-anginal,130.0,223.0,False,normal,114.0,False,0.0,flat,0.0,normal,0
473,56,Male,Hungary,non-anginal,130.0,276.0,False,normal,128.0,True,1.0,upsloping,0.0,fixed defect,0
474,56,Male,Hungary,asymptomatic,120.0,85.0,False,normal,140.0,False,0.0,flat,0.0,normal,0
475,57,Female,Hungary,typical angina,130.0,308.0,False,normal,98.0,False,1.0,flat,0.0,normal,0
477,57,Male,Hungary,atypical angina,140.0,260.0,True,normal,140.0,False,0.0,flat,0.0,fixed defect,0
478,58,Male,Hungary,atypical angina,130.0,230.0,False,normal,150.0,False,0.0,flat,0.0,normal,0
479,58,Male,Hungary,atypical angina,130.0,251.0,False,normal,110.0,False,0.0,flat,0.0,normal,0
480,58,Male,Hungary,non-anginal,140.0,179.0,False,normal,160.0,False,0.0,flat,0.0,normal,0
481,58,Male,Hungary,asymptomatic,135.0,222.0,False,normal,100.0,False,0.0,flat,0.0,normal,0
482,59,Female,Hungary,atypical angina,130.0,188.0,False,normal,124.0,False,1.0,flat,0.0,normal,0
483,59,Male,Hungary,atypical angina,140.0,287.0,False,normal,150.0,False,0.0,flat,0.0,normal,0
484,59,Male,Hungary,non-anginal,130.0,318.0,False,normal,120.0,True,1.0,flat,0.0,normal,0
486,59,Male,Hungary,asymptomatic,140.0,223.0,False,normal,140.0,False,0.0,flat,0.0,normal,0
487,60,Male,Hungary,non-anginal,120.0,246.0,False,lv hypertrophy,135.0,False,0.0,flat,0.0,normal,0
488,61,Female,Hungary,asymptomatic,130.0,294.0,False,st-t abnormality,120.0,True,1.0,flat,0.0,normal,0
489,61,Male,Hungary,asymptomatic,125.0,292.0,False,st-t abnormality,115.0,True,0.0,flat,0.0,normal,0
490,62,Female,Hungary,typical angina,160.0,193.0,False,normal,116.0,False,0.0,flat,0.0,normal,0
491,62,Male,Hungary,atypical angina,140.0,271.0,False,normal,152.0,False,1.0,upsloping,0.0,normal,0
492,31,Male,Hungary,asymptomatic,120.0,270.0,False,normal,153.0,True,1.5,flat,0.0,normal,1
493,33,Female,Hungary,asymptomatic,100.0,246.0,False,normal,150.0,True,1.0,flat,0.0,normal,1
494,34,Male,Hungary,typical angina,140.0,156.0,False,normal,180.0,False,0.0,flat,0.0,normal,1
495,35,Male,Hungary,atypical angina,110.0,257.0,False,normal,140.0,False,0.0,flat,0.0,normal,1
496,36,Male,Hungary,atypical angina,120.0,267.0,False,normal,160.0,False,3.0,flat,0.0,normal,1
497,37,Male,Hungary,asymptomatic,140.0,207.0,False,normal,130.0,True,1.5,flat,0.0,normal,1
498,38,Male,Hungary,asymptomatic,110.0,196.0,False,normal,166.0,False,0.0,flat,0.0,normal,1
499,38,Male,Hungary,asymptomatic,120.0,282.0,False,normal,170.0,False,0.0,flat,0.0,normal,1
500,38,Male,Hungary,asymptomatic,92.0,117.0,False,normal,134.0,True,2.5,flat,0.0,normal,1
502,41,Male,Hungary,asymptomatic,110.0,289.0,False,normal,170.0,False,0.0,flat,0.0,fixed defect,1
503,41,Male,Hungary,asymptomatic,120.0,237.0,False,normal,138.0,True,1.0,flat,0.0,normal,1
504,43,Male,Hungary,asymptomatic,150.0,247.0,False,normal,130.0,True,2.0,flat,0.0,normal,1
505,46,Male,Hungary,asymptomatic,110.0,202.0,False,normal,150.0,True,0.0,flat,0.0,normal,1
506,46,Male,Hungary,asymptomatic,118.0,186.0,False,normal,124.0,False,0.0,flat,0.0,reversable defect,1
507,46,Male,Hungary,asymptomatic,120.0,277.0,False,normal,125.0,True,1.0,flat,0.0,normal,1
508,47,Male,Hungary,non-anginal,140.0,193.0,False,normal,145.0,True,1.0,flat,0.0,normal,1
509,47,Male,Hungary,asymptomatic,150.0,226.0,False,normal,98.0,True,1.5,flat,0.0,reversable defect,1
510,48,Male,Hungary,asymptomatic,106.0,263.0,True,normal,110.0,False,0.0,flat,0.0,normal,1
511,48,Male,Hungary,asymptomatic,120.0,260.0,False,normal,115.0,False,2.0,flat,0.0,normal,1
512,48,Male,Hungary,asymptomatic,160.0,268.0,False,normal,103.0,True,1.0,flat,0.0,normal,1
513,49,Female,Hungary,non-anginal,160.0,180.0,False,normal,156.0,False,1.0,flat,0.0,normal,1
514,49,Male,Hungary,non-anginal,115.0,265.0,False,normal,175.0,False,0.0,flat,0.0,normal,1
515,49,Male,Hungary,asymptomatic,130.0,206.0,False,normal,170.0,False,0.0,flat,0.0,normal,1
516,50,Female,Hungary,non-anginal,140.0,288.0,False,normal,140.0,True,0.0,flat,0.0,reversable defect,1
517,50,Male,Hungary,asymptomatic,145.0,264.0,False,normal,150.0,False,0.0,flat,0.0,normal,1
518,51,Female,Hungary,asymptomatic,160.0,303.0,False,normal,150.0,True,1.0,flat,0.0,normal,1
519,52,Male,Hungary,asymptomatic,130.0,225.0,False,normal,120.0,True,2.0,flat,0.0,normal,1
520,54,Male,Hungary,asymptomatic,125.0,216.0,False,normal,140.0,False,0.0,flat,0.0,normal,1
521,54,Male,Hungary,asymptomatic,125.0,224.0,False,normal,122.0,False,2.0,flat,0.0,normal,1
522,55,Male,Hungary,asymptomatic,140.0,201.0,False,normal,130.0,True,3.0,flat,0.0,normal,1
523,57,Male,Hungary,atypical angina,140.0,265.0,False,st-t abnormality,145.0,True,1.0,flat,0.0,normal,1
524,58,Male,Hungary,non-anginal,130.0,213.0,False,st-t abnormality,140.0,False,0.0,flat,0.0,fixed defect,1
525,59,Female,Hungary,asymptomatic,130.0,338.0,True,st-t abnormality,130.0,True,1.5,flat,0.0,normal,1
526,60,Male,Hungary,asymptomatic,100.0,248.0,False,normal,125.0,False,1.0,flat,0.0,normal,1
527,63,Male,Hungary,asymptomatic,150.0,223.0,False,normal,115.0,False,0.0,flat,0.0,normal,1
528,65,Male,Hungary,asymptomatic,140.0,306.0,True,normal,87.0,True,1.5,flat,0.0,normal,1
530,38,Male,Hungary,asymptomatic,110.0,223.0,False,normal,150.0,True,1.0,flat,0.0,normal,1
531,39,Male,Hungary,asymptomatic,110.0,280.0,False,normal,150.0,False,0.0,flat,0.0,fixed defect,1
532,40,Female,Hungary,asymptomatic,150.0,392.0,False,normal,130.0,False,2.0,flat,0.0,fixed defect,1
533,43,Male,Hungary,typical angina,120.0,291.0,False,st-t abnormality,155.0,False,0.0,flat,0.0,normal,1
534,45,Male,Hungary,asymptomatic,130.0,219.0,False,st-t abnormality,130.0,True,1.0,flat,0.0,normal,1
535,46,Male,Hungary,asymptomatic,120.0,231.0,False,normal,115.0,True,0.0,flat,0.0,normal,1
536,46,Male,Hungary,asymptomatic,130.0,222.0,False,normal,112.0,False,0.0,flat,0.0,normal,1
537,48,Male,Hungary,asymptomatic,122.0,275.0,True,st-t abnormality,150.0,True,2.0,downsloping,0.0,normal,1
538,48,Male,Hungary,asymptomatic,160.0,193.0,False,normal,102.0,True,3.0,flat,0.0,normal,1
539,48,Male,Hungary,asymptomatic,160.0,329.0,False,normal,92.0,True,1.5,flat,0.0,normal,1
540,48,Male,Hungary,asymptomatic,160.0,355.0,False,normal,99.0,True,2.0,flat,0.0,normal,1
541,50,Male,Hungary,asymptomatic,130.0,233.0,False,normal,121.0,True,2.0,flat,0.0,reversable defect,1
542,52,Male,Hungary,asymptomatic,120.0,182.0,False,normal,150.0,False,0.0,flat,0.0,normal,1
543,52,Male,Hungary,asymptomatic,170.0,223.0,False,normal,126.0,True,1.5,flat,0.0,normal,1
544,53,Male,Hungary,asymptomatic,120.0,246.0,False,normal,116.0,True,0.0,flat,0.0,normal,1
545,54,Male,Hungary,non-anginal,120.0,237.0,False,normal,150.0,True,1.5,flat,0.0,reversable defect,1
546,54,Male,Hungary,asymptomatic,130.0,242.0,False,normal,91.0,True,1.0,flat,0.0,normal,1
548,54,Male,Hungary,asymptomatic,140.0,223.0,False,normal,118.0,True,0.0,flat,0.0,normal,1
550,55,Male,Hungary,asymptomatic,140.0,268.0,False,normal,128.0,True,1.5,flat,0.0,normal,1
551,56,Male,Hungary,asymptomatic,150.0,213.0,True,normal,125.0,True,1.0,flat,0.0,normal,1
552,57,Male,Hungary,asymptomatic,150.0,255.0,False,normal,92.0,True,3.0,flat,0.0,normal,1
553,58,Male,Hungary,non-anginal,160.0,211.0,True,st-t abnormality,92.0,False,0.0,flat,0.0,normal,1
554,58,Male,Hungary,asymptomatic,130.0,263.0,False,normal,140.0,True,2.0,flat,0.0,normal,1
555,41,Male,Hungary,asymptomatic,130.0,172.0,False,st-t abnormality,130.0,False,2.0,flat,0.0,normal,1
556,43,Male,Hungary,asymptomatic,120.0,175.0,False,normal,120.0,True,1.0,flat,0.0,reversable defect,1
557,44,Male,Hungary,atypical angina,150.0,288.0,False,normal,150.0,True,3.0,flat,0.0,normal,1
558,44,Male,Hungary,asymptomatic,130.0,290.0,False,normal,100.0,True,2.0,flat,0.0,normal,1
559,46,Male,Hungary,typical angina,140.0,272.0,True,normal,175.0,False,2.0,flat,0.0,normal,1
560,47,Female,Hungary,non-anginal,135.0,248.0,True,normal,170.0,False,0.0,flat,0.0,normal,1
561,48,Female,Hungary,asymptomatic,138.0,214.0,False,normal,108.0,True,1.5,flat,0.0,normal,1
562,49,Male,Hungary,asymptomatic,130.0,341.0,False,normal,120.0,True,1.0,flat,0.0,normal,1
563,49,Male,Hungary,asymptomatic,140.0,234.0,False,normal,140.0,True,1.0,flat,0.0,normal,1
564,51,Male,Hungary,non-anginal,135.0,160.0,False,normal,150.0,False,2.0,flat,0.0,normal,1
565,52,Male,Hungary,asymptomatic,112.0,342.0,False,st-t abnormality,96.0,True,1.0,flat,0.0,normal,1
566,52,Male,Hungary,asymptomatic,130.0,298.0,False,normal,110.0,True,1.0,flat,0.0,normal,1
571,54,Male,Hungary,asymptomatic,140.0,216.0,False,normal,105.0,False,1.5,flat,0.0,normal,1
572,55,Male,Hungary,typical angina,140.0,295.0,False,normal,136.0,False,0.0,flat,0.0,normal,1
573,55,Male,Hungary,atypical angina,160.0,292.0,True,normal,143.0,True,2.0,flat,0.0,normal,1
574,55,Male,Hungary,asymptomatic,145.0,248.0,False,normal,96.0,True,2.0,flat,0.0,normal,1
575,56,Female,Hungary,atypical angina,120.0,279.0,False,normal,150.0,False,1.0,flat,0.0,normal,1
576,56,Male,Hungary,asymptomatic,150.0,230.0,False,st-t abnormality,124.0,True,1.5,flat,0.0,normal,1
577,56,Male,Hungary,asymptomatic,170.0,388.0,False,st-t abnormality,122.0,True,2.0,flat,0.0,normal,1
578,58,Male,Hungary,atypical angina,136.0,164.0,False,st-t abnormality,99.0,True,2.0,flat,0.0,normal,1
579,59,Male,Hungary,asymptomatic,130.0,223.0,False,normal,125.0,False,0.0,flat,0.0,normal,1
580,59,Male,Hungary,asymptomatic,140.0,264.0,True,lv hypertrophy,119.0,True,0.0,flat,0.0,normal,1
581,65,Male,Hungary,asymptomatic,170.0,263.0,True,normal,112.0,True,2.0,flat,0.0,normal,1
582,66,Male,Hungary,asymptomatic,140.0,223.0,False,normal,94.0,True,1.0,flat,0.0,normal,1
583,41,Male,Hungary,asymptomatic,120.0,336.0,False,normal,118.0,True,3.0,flat,0.0,normal,1
584,43,Male,Hungary,asymptomatic,140.0,288.0,False,normal,135.0,True,2.0,flat,0.0,normal,1
586,47,Female,Hungary,asymptomatic,120.0,205.0,False,normal,98.0,True,2.0,flat,0.0,fixed defect,1
587,47,Male,Hungary,asymptomatic,160.0,291.0,False,st-t abnormality,158.0,True,3.0,flat,0.0,normal,1
588,49,Male,Hungary,asymptomatic,128.0,212.0,False,normal,96.0,True,0.0,flat,0.0,normal,1
589,49,Male,Hungary,asymptomatic,150.0,222.0,False,normal,122.0,False,2.0,flat,0.0,normal,1
591,50,Male,Hungary,asymptomatic,140.0,341.0,False,st-t abnormality,125.0,True,2.5,flat,0.0,normal,1
592,52,Male,Hungary,asymptomatic,140.0,266.0,False,normal,134.0,True,2.0,flat,0.0,normal,1
593,52,Male,Hungary,asymptomatic,160.0,331.0,False,normal,94.0,True,2.5,flat,0.0,normal,1
594,54,Female,Hungary,non-anginal,130.0,294.0,False,st-t abnormality,100.0,True,0.0,flat,0.0,normal,1
595,56,Male,Hungary,asymptomatic,155.0,342.0,True,normal,150.0,True,3.0,flat,0.0,normal,1
597,65,Male,Hungary,asymptomatic,130.0,275.0,False,st-t abnormality,115.0,True,1.0,flat,0.0,normal,1
721,63,Male,VA Long Beach,asymptomatic,140.0,260.0,False,st-t abnormality,112.0,True,3.0,flat,0.0,normal,2
722,44,Male,VA Long Beach,asymptomatic,130.0,209.0,False,st-t abnormality,127.0,False,0.0,flat,0.0,normal,0
723,60,Male,VA Long Beach,asymptomatic,132.0,218.0,False,st-t abnormality,140.0,True,1.5,downsloping,0.0,normal,2
724,55,Male,VA Long Beach,asymptomatic,142.0,228.0,False,st-t abnormality,149.0,True,2.5,upsloping,0.0,normal,1
725,66,Male,VA Long Beach,non-anginal,110.0,213.0,True,lv hypertrophy,99.0,True,1.3,flat,0.0,normal,0
727,65,Male,VA Long Beach,asymptomatic,150.0,236.0,True,st-t abnormality,105.0,True,0.0,flat,0.0,normal,3
730,60,Male,VA Long Beach,atypical angina,160.0,267.0,True,st-t abnormality,157.0,False,0.5,flat,0.0,normal,1
731,56,Male,VA Long Beach,atypical angina,126.0,166.0,False,st-t abnormality,140.0,False,0.0,flat,0.0,normal,0
736,62,Male,VA Long Beach,asymptomatic,120.0,220.0,False,st-t abnormality,86.0,False,0.0,flat,0.0,normal,0
737,63,Male,VA Long Beach,asymptomatic,170.0,177.0,False,normal,84.0,True,2.5,downsloping,0.0,normal,4
738,46,Male,VA Long Beach,asymptomatic,110.0,236.0,False,normal,125.0,True,2.0,flat,0.0,normal,1
748,60,Male,VA Long Beach,asymptomatic,130.0,186.0,True,st-t abnormality,140.0,True,0.5,flat,0.0,normal,1
749,56,Male,VA Long Beach,asymptomatic,120.0,100.0,False,normal,120.0,True,1.5,flat,0.0,reversable defect,1
750,55,Male,VA Long Beach,non-anginal,130.0,228.0,False,st-t abnormality,140.0,False,0.5,flat,0.0,normal,3
752,77,Male,VA Long Beach,asymptomatic,124.0,171.0,False,st-t abnormality,110.0,True,2.0,upsloping,0.0,normal,3
753,63,Male,VA Long Beach,asymptomatic,160.0,230.0,True,normal,105.0,True,1.0,flat,0.0,normal,3
757,60,Male,VA Long Beach,asymptomatic,130.0,281.0,False,st-t abnormality,140.0,False,0.5,flat,0.0,normal,2
759,58,Male,VA Long Beach,asymptomatic,130.0,203.0,True,normal,140.0,False,0.5,flat,0.0,normal,1
765,57,Male,VA Long Beach,asymptomatic,130.0,277.0,True,st-t abnormality,140.0,False,0.5,flat,0.0,normal,4
767,59,Male,VA Long Beach,asymptomatic,122.0,233.0,False,normal,117.0,True,1.3,downsloping,0.0,normal,1
770,42,Male,VA Long Beach,non-anginal,134.0,240.0,False,normal,160.0,False,0.0,flat,0.0,normal,0
773,62,Male,VA Long Beach,asymptomatic,152.0,153.0,False,st-t abnormality,97.0,True,1.6,upsloping,0.0,reversable defect,2
774,56,Male,VA Long Beach,atypical angina,124.0,224.0,True,normal,161.0,False,2.0,flat,0.0,normal,0
778,60,Male,VA Long Beach,non-anginal,130.0,316.0,True,st-t abnormality,140.0,False,0.5,flat,0.0,normal,3
781,51,Male,VA Long Beach,asymptomatic,130.0,218.0,True,lv hypertrophy,140.0,False,0.5,flat,0.0,normal,0
783,57,Male,VA Long Beach,asymptomatic,130.0,311.0,False,st-t abnormality,148.0,True,2.0,flat,0.0,normal,1
787,67,Male,VA Long Beach,typical angina,142.0,270.0,True,normal,125.0,False,2.5,upsloping,0.0,normal,3
790,63,Male,VA Long Beach,atypical angina,130.0,217.0,True,st-t abnormality,140.0,False,0.5,flat,0.0,normal,1
791,55,Male,VA Long Beach,atypical angina,110.0,214.0,True,st-t abnormality,180.0,False,0.5,flat,0.0,normal,0
792,57,Male,VA Long Beach,asymptomatic,140.0,214.0,False,st-t abnormality,144.0,True,2.0,flat,0.0,fixed defect,2
793,65,Male,VA Long Beach,typical angina,130.0,252.0,False,normal,140.0,False,0.5,flat,0.0,normal,0
794,54,Male,VA Long Beach,asymptomatic,136.0,220.0,False,normal,140.0,True,3.0,flat,0.0,normal,3
795,72,Male,VA Long Beach,non-anginal,120.0,214.0,False,normal,102.0,True,1.0,flat,0.0,normal,3
796,75,Male,VA Long Beach,asymptomatic,170.0,203.0,True,st-t abnormality,108.0,False,0.0,flat,0.0,reversable defect,1
798,51,Male,VA Long Beach,non-anginal,130.0,339.0,False,normal,140.0,False,0.5,flat,0.0,normal,3
799,60,Male,VA Long Beach,asymptomatic,142.0,216.0,False,normal,110.0,True,2.5,flat,0.0,normal,2
800,64,Female,VA Long Beach,asymptomatic,142.0,276.0,False,normal,140.0,True,1.0,flat,0.0,reversable defect,1
802,61,Male,VA Long Beach,asymptomatic,146.0,241.0,False,normal,148.0,True,3.0,downsloping,0.0,normal,2
803,67,Male,VA Long Beach,asymptomatic,160.0,384.0,True,st-t abnormality,130.0,True,0.0,flat,0.0,normal,2
804,62,Male,VA Long Beach,asymptomatic,135.0,297.0,False,normal,130.0,True,1.0,flat,0.0,normal,2
806,63,Male,VA Long Beach,asymptomatic,130.0,308.0,False,normal,138.0,True,2.0,flat,0.0,normal,2
807,69,Male,VA Long Beach,asymptomatic,140.0,208.0,False,st-t abnormality,140.0,True,2.0,flat,0.0,normal,3
808,51,Male,VA Long Beach,asymptomatic,130.0,227.0,True,st-t abnormality,140.0,False,0.5,flat,0.0,normal,0
809,62,Male,VA Long Beach,asymptomatic,158.0,210.0,True,normal,112.0,True,3.0,downsloping,0.0,normal,1
810,55,Male,VA Long Beach,non-anginal,130.0,245.0,True,st-t abnormality,140.0,False,0.5,flat,0.0,normal,1
811,75,Male,VA Long Beach,asymptomatic,136.0,225.0,False,normal,112.0,True,3.0,flat,0.0,normal,3
812,40,Male,VA Long Beach,non-anginal,106.0,240.0,False,normal,80.0,True,0.0,flat,0.0,reversable defect,0
814,58,Male,VA Long Beach,asymptomatic,110.0,198.0,False,normal,110.0,False,0.0,flat,0.0,normal,1
815,60,Male,VA Long Beach,asymptomatic,130.0,195.0,False,normal,140.0,False,0.5,flat,0.0,normal,0
816,63,Male,VA Long Beach,asymptomatic,160.0,267.0,True,st-t abnormality,88.0,True,2.0,flat,0.0,normal,3
817,35,Male,VA Long Beach,non-anginal,130.0,161.0,False,st-t abnormality,140.0,False,0.5,flat,0.0,normal,0
818,62,Male,VA Long Beach,typical angina,112.0,258.0,False,st-t abnormality,150.0,True,0.5,flat,0.0,normal,1
821,68,Male,VA Long Beach,non-anginal,150.0,195.0,True,normal,132.0,False,0.0,flat,0.0,fixed defect,1
822,65,Male,VA Long Beach,asymptomatic,150.0,235.0,False,normal,120.0,True,1.5,flat,0.0,normal,3
824,63,Male,VA Long Beach,asymptomatic,96.0,305.0,False,st-t abnormality,121.0,True,1.0,upsloping,0.0,normal,1
825,64,Male,VA Long Beach,asymptomatic,130.0,223.0,False,st-t abnormality,128.0,False,0.5,flat,0.0,normal,0
827,50,Male,VA Long Beach,asymptomatic,144.0,349.0,False,lv hypertrophy,120.0,True,1.0,upsloping,0.0,reversable defect,1
828,59,Male,VA Long Beach,asymptomatic,124.0,223.0,False,normal,117.0,True,1.0,flat,0.0,normal,1
829,55,Male,VA Long Beach,asymptomatic,150.0,160.0,False,st-t abnormality,150.0,False,0.0,flat,0.0,normal,0
830,45,Male,VA Long Beach,non-anginal,130.0,236.0,False,normal,140.0,False,0.5,flat,0.0,normal,0
831,65,Male,VA Long Beach,asymptomatic,130.0,312.0,False,lv hypertrophy,140.0,False,0.5,flat,0.0,normal,3
832,61,Male,VA Long Beach,atypical angina,130.0,283.0,False,normal,140.0,False,0.5,flat,0.0,normal,0
833,49,Male,VA Long Beach,non-anginal,130.0,142.0,False,normal,140.0,False,0.5,flat,0.0,normal,3
834,72,Male,VA Long Beach,asymptomatic,130.0,211.0,False,normal,140.0,False,0.5,flat,0.0,normal,1
835,50,Male,VA Long Beach,asymptomatic,130.0,218.0,False,normal,140.0,False,0.5,flat,0.0,normal,1
836,64,Male,VA Long Beach,asymptomatic,130.0,306.0,True,st-t abnormality,140.0,False,0.5,flat,0.0,normal,3
837,55,Male,VA Long Beach,asymptomatic,116.0,186.0,True,st-t abnormality,102.0,False,0.0,flat,0.0,normal,2
838,63,Male,VA Long Beach,asymptomatic,110.0,252.0,False,st-t abnormality,140.0,True,2.0,flat,0.0,normal,2
839,59,Male,VA Long Beach,asymptomatic,125.0,222.0,False,normal,135.0,True,2.5,downsloping,0.0,normal,3
843,54,Male,VA Long Beach,asymptomatic,130.0,202.0,True,normal,112.0,True,2.0,flat,0.0,normal,1
844,57,Male,VA Long Beach,asymptomatic,110.0,197.0,False,lv hypertrophy,100.0,False,0.0,flat,0.0,normal,0
845,62,Male,VA Long Beach,non-anginal,130.0,204.0,False,st-t abnormality,140.0,False,0.5,flat,0.0,normal,1
846,76,Male,VA Long Beach,non-anginal,104.0,223.0,False,lv hypertrophy,120.0,False,3.5,downsloping,0.0,normal,4
847,54,Female,VA Long Beach,asymptomatic,138.0,274.0,False,normal,105.0,True,1.5,flat,0.0,normal,1
848,70,Male,VA Long Beach,asymptomatic,170.0,192.0,False,st-t abnormality,129.0,True,3.0,downsloping,0.0,normal,2
849,61,Female,VA Long Beach,atypical angina,140.0,298.0,True,normal,120.0,True,0.0,flat,0.0,reversable defect,0
850,48,Male,VA Long Beach,asymptomatic,130.0,272.0,False,st-t abnormality,140.0,False,0.5,flat,0.0,normal,0
851,48,Male,VA Long Beach,non-anginal,132.0,220.0,True,st-t abnormality,162.0,False,0.0,flat,0.0,fixed defect,1
852,61,Male,VA Long Beach,typical angina,142.0,200.0,True,st-t abnormality,100.0,False,1.5,downsloping,0.0,normal,3
853,66,Male,VA Long Beach,asymptomatic,112.0,261.0,False,normal,140.0,False,1.5,upsloping,0.0,normal,1
854,68,Male,VA Long Beach,typical angina,130.0,181.0,True,st-t abnormality,140.0,False,0.5,flat,0.0,normal,0
856,62,Male,VA Long Beach,non-anginal,120.0,220.0,False,lv hypertrophy,86.0,False,0.0,flat,0.0,normal,0
857,71,Male,VA Long Beach,non-anginal,130.0,221.0,False,normal,140.0,False,0.5,flat,0.0,normal,3
858,74,Male,VA Long Beach,typical angina,130.0,216.0,True,normal,140.0,False,0.5,flat,0.0,normal,3
859,53,Male,VA Long Beach,non-anginal,155.0,175.0,True,st-t abnormality,160.0,False,0.5,flat,0.0,fixed defect,0
860,58,Male,VA Long Beach,non-anginal,150.0,219.0,False,st-t abnormality,118.0,True,0.0,flat,0.0,normal,2
861,75,Male,VA Long Beach,asymptomatic,160.0,310.0,True,normal,112.0,True,2.0,downsloping,0.0,reversable defect,0
862,56,Male,VA Long Beach,non-anginal,130.0,208.0,True,st-t abnormality,140.0,False,0.5,flat,0.0,normal,4
863,58,Male,VA Long Beach,non-anginal,130.0,232.0,False,st-t abnormality,140.0,False,0.5,flat,0.0,normal,2
865,54,Male,VA Long Beach,non-anginal,130.0,203.0,False,st-t abnormality,140.0,False,0.5,flat,0.0,normal,0
866,54,Male,VA Long Beach,atypical angina,130.0,182.0,False,st-t abnormality,140.0,False,0.5,flat,0.0,normal,0
867,59,Male,VA Long Beach,asymptomatic,140.0,274.0,False,normal,154.0,True,2.0,flat,0.0,normal,0
868,55,Male,VA Long Beach,asymptomatic,130.0,204.0,True,st-t abnormality,140.0,False,0.5,flat,0.0,normal,1
869,57,Male,VA Long Beach,asymptomatic,144.0,270.0,True,st-t abnormality,160.0,True,2.0,flat,0.0,normal,3
870,61,Male,VA Long Beach,asymptomatic,130.0,292.0,False,st-t abnormality,140.0,False,0.5,flat,0.0,normal,3
871,41,Male,VA Long Beach,asymptomatic,150.0,171.0,False,normal,128.0,True,1.5,flat,0.0,normal,0
872,71,Male,VA Long Beach,asymptomatic,130.0,221.0,False,st-t abnormality,115.0,True,0.0,flat,0.0,normal,3
873,38,Male,VA Long Beach,asymptomatic,110.0,289.0,False,normal,105.0,True,1.5,downsloping,0.0,normal,1
874,55,Male,VA Long Beach,asymptomatic,158.0,217.0,False,normal,110.0,True,2.5,flat,0.0,normal,1
875,56,Male,VA Long Beach,asymptomatic,128.0,223.0,False,st-t abnormality,119.0,True,2.0,downsloping,0.0,normal,2
876,69,Male,VA Long Beach,asymptomatic,130.0,223.0,True,normal,140.0,False,0.5,flat,0.0,normal,2
877,64,Male,VA Long Beach,asymptomatic,150.0,193.0,False,st-t abnormality,135.0,True,0.5,flat,0.0,normal,2
878,72,Male,VA Long Beach,asymptomatic,160.0,223.0,True,lv hypertrophy,130.0,False,1.5,flat,0.0,normal,2
879,69,Male,VA Long Beach,asymptomatic,130.0,210.0,True,st-t abnormality,140.0,False,0.5,flat,0.0,normal,2
880,56,Male,VA Long Beach,asymptomatic,130.0,282.0,True,normal,140.0,False,0.5,flat,0.0,normal,1
881,62,Male,VA Long Beach,asymptomatic,130.0,170.0,False,st-t abnormality,120.0,True,3.0,flat,0.0,normal,4
882,67,Male,VA Long Beach,asymptomatic,130.0,369.0,False,normal,140.0,False,0.5,flat,0.0,normal,3
883,57,Male,VA Long Beach,asymptomatic,156.0,173.0,False,lv hypertrophy,119.0,True,3.0,downsloping,0.0,normal,3
884,69,Male,VA Long Beach,asymptomatic,130.0,289.0,True,st-t abnormality,140.0,False,0.5,flat,0.0,normal,3
885,51,Male,VA Long Beach,asymptomatic,130.0,223.0,True,lv hypertrophy,140.0,False,0.5,flat,0.0,reversable defect,1
886,48,Male,VA Long Beach,asymptomatic,140.0,223.0,False,normal,159.0,True,1.5,upsloping,0.0,normal,3
887,69,Male,VA Long Beach,asymptomatic,122.0,216.0,True,lv hypertrophy,84.0,True,0.0,flat,0.0,reversable defect,2
888,69,Male,VA Long Beach,non-anginal,130.0,271.0,False,lv hypertrophy,140.0,False,0.5,flat,0.0,normal,0
889,64,Male,VA Long Beach,asymptomatic,130.0,244.0,True,st-t abnormality,140.0,False,0.5,flat,0.0,normal,2
891,53,Male,VA Long Beach,asymptomatic,124.0,243.0,False,normal,122.0,True,2.0,flat,0.0,reversable defect,1
892,37,Male,VA Long Beach,non-anginal,118.0,240.0,False,lv hypertrophy,165.0,False,1.0,flat,0.0,normal,0
893,67,Male,VA Long Beach,asymptomatic,140.0,219.0,False,st-t abnormality,122.0,True,2.0,flat,0.0,reversable defect,3
894,74,Male,VA Long Beach,non-anginal,140.0,237.0,True,normal,94.0,False,0.0,flat,0.0,normal,1
895,63,Male,VA Long Beach,atypical angina,130.0,165.0,False,st-t abnormality,140.0,False,0.5,flat,0.0,normal,0
896,58,Male,VA Long Beach,asymptomatic,100.0,213.0,False,st-t abnormality,110.0,False,0.0,flat,0.0,normal,0
898,64,Male,VA Long Beach,asymptomatic,130.0,258.0,True,lv hypertrophy,130.0,False,0.0,flat,0.0,fixed defect,2
899,58,Male,VA Long Beach,asymptomatic,160.0,256.0,True,lv hypertrophy,113.0,True,1.0,upsloping,0.0,normal,3
900,60,Male,VA Long Beach,asymptomatic,130.0,186.0,True,lv hypertrophy,140.0,True,0.5,flat,0.0,normal,1
901,57,Male,VA Long Beach,asymptomatic,122.0,264.0,False,lv hypertrophy,100.0,False,0.0,flat,0.0,normal,1
902,55,Male,VA Long Beach,non-anginal,130.0,223.0,False,st-t abnormality,140.0,False,0.5,flat,0.0,normal,0
903,55,Male,VA Long Beach,asymptomatic,120.0,226.0,False,lv hypertrophy,127.0,True,1.7,downsloping,0.0,reversable defect,1
904,56,Male,VA Long Beach,asymptomatic,130.0,203.0,True,normal,98.0,False,1.5,flat,0.0,reversable defect,1
905,57,Male,VA Long Beach,asymptomatic,130.0,207.0,False,st-t abnormality,96.0,True,1.0,flat,0.0,normal,0
906,61,Male,VA Long Beach,non-anginal,130.0,284.0,False,normal,140.0,False,0.5,flat,0.0,normal,1
907,61,Male,VA Long Beach,non-anginal,120.0,337.0,False,normal,98.0,True,0.0,flat,0.0,normal,3
908,58,Male,VA Long Beach,non-anginal,150.0,219.0,False,st-t abnormality,118.0,True,0.0,flat,0.0,normal,2
909,74,Male,VA Long Beach,asymptomatic,155.0,310.0,False,normal,112.0,True,1.5,downsloping,0.0,normal,2
910,68,Male,VA Long Beach,non-anginal,134.0,254.0,True,normal,151.0,True,0.0,flat,0.0,normal,0
911,51,Female,VA Long Beach,asymptomatic,114.0,258.0,True,lv hypertrophy,96.0,False,1.0,upsloping,0.0,normal,0
912,62,Male,VA Long Beach,asymptomatic,160.0,254.0,True,st-t abnormality,108.0,True,3.0,flat,0.0,normal,4
913,53,Male,VA Long Beach,asymptomatic,144.0,300.0,True,st-t abnormality,128.0,True,1.5,flat,0.0,normal,3
914,62,Male,VA Long Beach,asymptomatic,158.0,170.0,False,st-t abnormality,138.0,True,0.0,flat,0.0,normal,1
915,46,Male,VA Long Beach,asymptomatic,134.0,310.0,False,normal,126.0,False,0.0,flat,0.0,normal,2
916,54,Female,VA Long Beach,asymptomatic,127.0,333.0,True,st-t abnormality,154.0,False,0.0,flat,0.0,normal,1
917,62,Male,VA Long Beach,typical angina,130.0,139.0,False,st-t abnormality,140.0,False,0.5,flat,0.0,normal,0
918,55,Male,VA Long Beach,asymptomatic,122.0,223.0,True,st-t abnormality,100.0,False,0.0,flat,0.0,fixed defect,2
919,58,Male,VA Long Beach,asymptomatic,130.0,385.0,True,lv hypertrophy,140.0,False,0.5,flat,0.0,normal,0
920,62,Male,VA Long Beach,atypical angina,120.0,254.0,False,lv hypertrophy,93.0,True,0.0,flat,0.0,normal,1
